Country or Area,Year,Value,Value Footnotes,Value Footnotes
Afghanistan,2022,2,,
Afghanistan,2020,3.5,,
Afghanistan,2019,3.5,,
Afghanistan,2018,3,,
Afghanistan,2017,3,,
Afghanistan,2016,3,,
Afghanistan,2015,3,,
Afghanistan,2014,3,,
Afghanistan,2013,3,,
Afghanistan,2012,3,,
Afghanistan,2011,3,,
Afghanistan,2010,3,,
Afghanistan,2009,3,,
Afghanistan,2008,2.5,,
Afghanistan,2007,2.5,,
Afghanistan,2006,2.5,,
Africa Eastern and Southern,2022,3.315789474,,
Africa Eastern and Southern,2021,3.289473684,,
Africa Eastern and Southern,2020,3.289473684,,
Africa Eastern and Southern,2019,3.263157895,,
Africa Eastern and Southern,2018,3.333333333,,
Africa Eastern and Southern,2017,3.236842105,,
Africa Eastern and Southern,2016,3.277777778,,
Africa Eastern and Southern,2015,3.305555556,,
Africa Eastern and Southern,2014,3.277777778,,
Africa Eastern and Southern,2013,3.210526316,,
Africa Eastern and Southern,2012,3.210526316,,
Africa Eastern and Southern,2011,3.277777778,,
Africa Eastern and Southern,2010,3.333333333,,
Africa Eastern and Southern,2009,3.277777778,,
Africa Eastern and Southern,2008,3.25,,
Africa Eastern and Southern,2007,3.333333333,,
Africa Eastern and Southern,2006,3.333333333,,
Africa Eastern and Southern,2005,3.277777778,,
Africa Western and Central,2022,3.55,,
Africa Western and Central,2021,3.45,,
Africa Western and Central,2020,3.4,,
Africa Western and Central,2019,3.375,,
Africa Western and Central,2018,3.325,,
Africa Western and Central,2017,3.25,,
Africa Western and Central,2016,3.225,,
Africa Western and Central,2015,3.25,,
Africa Western and Central,2014,3.275,,
Africa Western and Central,2013,3.35,,
Africa Western and Central,2012,3.35,,
Africa Western and Central,2011,3.375,,
Africa Western and Central,2010,3.275,,
Africa Western and Central,2009,3.15,,
Africa Western and Central,2008,3.078947368,,
Africa Western and Central,2007,3.105263158,,
Africa Western and Central,2006,3.105263158,,
Africa Western and Central,2005,3.105263158,,
Albania,2006,3.5,,
Albania,2005,3.5,,
Angola,2013,2.5,,
Angola,2012,2.5,,
Angola,2011,2.5,,
Angola,2010,2.5,,
Angola,2009,2.5,,
Angola,2008,2.5,,
Angola,2007,2.5,,
Angola,2006,2.5,,
Angola,2005,2.5,,
Arab World,2022,3.166666667,,
Arab World,2021,3.166666667,,
Arab World,2020,3.083333333,,
Arab World,2019,3,,
Arab World,2018,2.9,,
Arab World,2017,2.75,,
Arab World,2016,2.9,,
Arab World,2015,3,,
Arab World,2014,3.1,,
Arab World,2013,3.1,,
Arab World,2012,3.1,,
Arab World,2011,3,,
Arab World,2010,3,,
Arab World,2009,3,,
Arab World,2008,3,,
Arab World,2007,3.1,,
Arab World,2006,3.1,,
Arab World,2005,3,,
Armenia,2013,4.5,,
Armenia,2012,4.5,,
Armenia,2011,4.5,,
Armenia,2010,4.5,,
Armenia,2009,4.5,,
Armenia,2008,4.5,,
Armenia,2007,4.5,,
Armenia,2006,4.5,,
Armenia,2005,4.5,,
Azerbaijan,2010,4,,
Azerbaijan,2009,4,,
Azerbaijan,2008,4,,
Azerbaijan,2007,4,,
Azerbaijan,2006,4,,
Azerbaijan,2005,3.5,,
Bangladesh,2022,3.5,,
Bangladesh,2021,3.5,,
Bangladesh,2020,3.5,,
Bangladesh,2019,3.5,,
Bangladesh,2018,3.5,,
Bangladesh,2017,3.5,,
Bangladesh,2016,3.5,,
Bangladesh,2015,3.5,,
Bangladesh,2014,4,,
Bangladesh,2013,3.5,,
Bangladesh,2012,3.5,,
Bangladesh,2011,3.5,,
Bangladesh,2010,3.5,,
Bangladesh,2009,3.5,,
Bangladesh,2008,3.5,,
Bangladesh,2007,3.5,,
Bangladesh,2006,3.5,,
Bangladesh,2005,3.5,,
Benin,2022,3.5,,
Benin,2021,3.5,,
Benin,2020,3.5,,
Benin,2019,3.5,,
Benin,2018,3.5,,
Benin,2017,3.5,,
Benin,2016,3.5,,
Benin,2015,3.5,,
Benin,2014,3.5,,
Benin,2013,3.5,,
Benin,2012,3.5,,
Benin,2011,3.5,,
Benin,2010,3.5,,
Benin,2009,3,,
Benin,2008,3,,
Benin,2007,3,,
Benin,2006,3,,
Benin,2005,3,,
Bhutan,2022,4.5,,
Bhutan,2021,4.5,,
Bhutan,2020,4.5,,
Bhutan,2019,4.5,,
Bhutan,2018,4.5,,
Bhutan,2017,4.5,,
Bhutan,2016,4.5,,
Bhutan,2015,4.5,,
Bhutan,2014,4.5,,
Bhutan,2013,4.5,,
Bhutan,2012,4.5,,
Bhutan,2011,4.5,,
Bhutan,2010,4,,
Bhutan,2009,4,,
Bhutan,2008,4,,
Bhutan,2007,4,,
Bhutan,2006,4,,
Bhutan,2005,4,,
Bolivia,2015,4,,
Bolivia,2014,4,,
Bolivia,2013,4,,
Bolivia,2012,4,,
Bolivia,2011,4,,
Bolivia,2010,4,,
Bolivia,2009,4,,
Bolivia,2008,4,,
Bolivia,2007,4,,
Bolivia,2006,4,,
Bolivia,2005,4,,
Bosnia and Herzegovina,2013,3.5,,
Bosnia and Herzegovina,2012,3.5,,
Bosnia and Herzegovina,2011,3.5,,
Bosnia and Herzegovina,2010,3.5,,
Bosnia and Herzegovina,2009,3.5,,
Bosnia and Herzegovina,2008,3,,
Bosnia and Herzegovina,2007,3,,
Bosnia and Herzegovina,2006,3,,
Bosnia and Herzegovina,2005,3,,
Burkina Faso,2022,4,,
Burkina Faso,2021,4,,
Burkina Faso,2020,4,,
Burkina Faso,2019,4,,
Burkina Faso,2018,4,,
Burkina Faso,2017,4,,
Burkina Faso,2016,4,,
Burkina Faso,2015,4,,
Burkina Faso,2014,4,,
Burkina Faso,2013,4,,
Burkina Faso,2012,4,,
Burkina Faso,2011,4,,
Burkina Faso,2010,4,,
Burkina Faso,2009,4,,
Burkina Faso,2008,4,,
Burkina Faso,2007,4,,
Burkina Faso,2006,4,,
Burkina Faso,2005,4,,
Burundi,2022,3.5,,
Burundi,2021,3.5,,
Burundi,2020,3.5,,
Burundi,2019,3.5,,
Burundi,2018,3.5,,
Burundi,2017,3.5,,
Burundi,2016,3.5,,
Burundi,2015,4,,
Burundi,2014,4,,
Burundi,2013,4,,
Burundi,2012,4,,
Burundi,2011,3.5,,
Burundi,2010,3.5,,
Burundi,2009,3.5,,
Burundi,2008,3.5,,
Burundi,2007,3.5,,
Burundi,2006,3,,
Burundi,2005,3,,
CÃ´te d'Ivoire,2022,4,,
CÃ´te d'Ivoire,2021,4,,
CÃ´te d'Ivoire,2020,3.5,,
CÃ´te d'Ivoire,2019,3.5,,
CÃ´te d'Ivoire,2018,3.5,,
CÃ´te d'Ivoire,2017,3,,
CÃ´te d'Ivoire,2016,3,,
CÃ´te d'Ivoire,2015,3,,
CÃ´te d'Ivoire,2014,2.5,,
CÃ´te d'Ivoire,2013,2.5,,
CÃ´te d'Ivoire,2012,2.5,,
CÃ´te d'Ivoire,2011,2.5,,
CÃ´te d'Ivoire,2010,2,,
CÃ´te d'Ivoire,2009,2,,
CÃ´te d'Ivoire,2008,1.5,,
CÃ´te d'Ivoire,2007,1.5,,
CÃ´te d'Ivoire,2006,1.5,,
CÃ´te d'Ivoire,2005,1.5,,
Cabo Verde,2022,3.5,,
Cabo Verde,2021,3.5,,
Cabo Verde,2020,3.5,,
Cabo Verde,2019,3.5,,
Cabo Verde,2018,3.5,,
Cabo Verde,2017,3.5,,
Cabo Verde,2016,3.5,,
Cabo Verde,2015,3.5,,
Cabo Verde,2014,4,,
Cabo Verde,2013,4,,
Cabo Verde,2012,4,,
Cabo Verde,2011,4,,
Cabo Verde,2010,4.5,,
Cabo Verde,2009,4.5,,
Cabo Verde,2008,4.5,,
Cabo Verde,2007,4.5,,
Cabo Verde,2006,4.5,,
Cabo Verde,2005,4.5,,
Cambodia,2022,4,,
Cambodia,2021,4,,
Cambodia,2020,3.5,,
Cambodia,2019,3.5,,
Cambodia,2018,3.5,,
Cambodia,2017,3.5,,
Cambodia,2016,3.5,,
Cambodia,2015,3.5,,
Cambodia,2014,3.5,,
Cambodia,2013,3.5,,
Cambodia,2012,3.5,,
Cambodia,2011,3.5,,
Cambodia,2010,3.5,,
Cambodia,2009,3,,
Cambodia,2008,3,,
Cambodia,2007,3,,
Cambodia,2006,3,,
Cambodia,2005,3,,
Cameroon,2022,3,,
Cameroon,2021,3,,
Cameroon,2020,3,,
Cameroon,2019,3,,
Cameroon,2018,3,,
Cameroon,2017,3,,
Cameroon,2016,3,,
Cameroon,2015,3,,
Cameroon,2014,3,,
Cameroon,2013,3,,
Cameroon,2012,3,,
Cameroon,2011,3,,
Cameroon,2010,3,,
Cameroon,2009,3,,
Cameroon,2008,3,,
Cameroon,2007,3,,
Cameroon,2006,3,,
Cameroon,2005,3,,
Caribbean small states,2022,3.2,,
Caribbean small states,2021,3.2,,
Caribbean small states,2020,3.3,,
Caribbean small states,2019,3.3,,
Caribbean small states,2018,3.2,,
Caribbean small states,2017,3.2,,
Caribbean small states,2016,3.2,,
Caribbean small states,2015,3.3,,
Caribbean small states,2014,3.4,,
Caribbean small states,2013,3.5,,
Caribbean small states,2012,3.5,,
Caribbean small states,2011,3.5,,
Caribbean small states,2010,3.6,,
Caribbean small states,2009,3.6,,
Caribbean small states,2008,3.6,,
Caribbean small states,2007,3.6,,
Caribbean small states,2006,3.5,,
Caribbean small states,2005,3.5,,
Central African Republic,2022,2.5,,
Central African Republic,2021,2,,
Central African Republic,2020,2,,
Central African Republic,2019,2,,
Central African Republic,2018,2,,
Central African Republic,2017,2,,
Central African Republic,2016,2,,
Central African Republic,2015,2,,
Central African Republic,2014,2,,
Central African Republic,2013,2.5,,
Central African Republic,2012,3,,
Central African Republic,2011,3,,
Central African Republic,2010,2.5,,
Central African Republic,2009,2.5,,
Central African Republic,2008,2,,
Central African Republic,2007,2,,
Central African Republic,2006,2,,
Central African Republic,2005,2,,
Chad,2022,3,,
Chad,2021,3,,
Chad,2020,3,,
Chad,2019,3,,
Chad,2018,3,,
Chad,2017,2.5,,
Chad,2016,2.5,,
Chad,2015,2.5,,
Chad,2014,2.5,,
Chad,2013,2.5,,
Chad,2012,2.5,,
Chad,2011,2.5,,
Chad,2010,2,,
Chad,2009,2.5,,
Chad,2008,2.5,,
Chad,2007,3,,
Chad,2006,3,,
Chad,2005,3,,
Comoros,2022,3,,
Comoros,2021,3,,
Comoros,2020,3,,
Comoros,2019,2.5,,
Comoros,2018,2.5,,
Comoros,2017,2.5,,
Comoros,2016,2.5,,
Comoros,2015,2.5,,
Comoros,2014,2.5,,
Comoros,2013,2.5,,
Comoros,2012,2.5,,
Comoros,2011,2.5,,
Comoros,2010,2.5,,
Comoros,2009,2.5,,
Comoros,2008,2.5,,
Comoros,2007,3,,
Comoros,2006,3,,
Comoros,2005,3,,
Congo,2022,3.5,,
Congo,2021,3,,
Congo,2020,3,,
Congo,2019,3,,
Congo,2018,3,,
Congo,2017,3,,
Congo,2016,3,,
Congo,2015,3,,
Congo,2014,3,,
Congo,2013,3,,
Congo,2012,3,,
Congo,2011,2.5,,
Congo,2010,2.5,,
Congo,2009,2.5,,
Congo,2008,2.5,,
Congo,2007,2.5,,
Congo,2006,2.5,,
Congo,2005,3,,
Dem. Rep. Congo,2022,3.5,,
Dem. Rep. Congo,2021,3.5,,
Dem. Rep. Congo,2020,3.5,,
Dem. Rep. Congo,2019,3.5,,
Dem. Rep. Congo,2018,3.5,,
Dem. Rep. Congo,2017,3.5,,
Dem. Rep. Congo,2016,3.5,,
Dem. Rep. Congo,2015,3.5,,
Dem. Rep. Congo,2014,3.5,,
Dem. Rep. Congo,2013,3,,
Dem. Rep. Congo,2012,3,,
Dem. Rep. Congo,2011,3,,
Dem. Rep. Congo,2010,3,,
Dem. Rep. Congo,2009,3,,
Dem. Rep. Congo,2008,3,,
Dem. Rep. Congo,2007,3,,
Dem. Rep. Congo,2006,3,,
Dem. Rep. Congo,2005,3,,
Djibouti,2022,3.5,,
Djibouti,2021,3.5,,
Djibouti,2020,3.5,,
Djibouti,2019,3.5,,
Djibouti,2018,3,,
Djibouti,2017,3,,
Djibouti,2016,3,,
Djibouti,2015,3,,
Djibouti,2014,3,,
Djibouti,2013,3,,
Djibouti,2012,3,,
Djibouti,2011,3,,
Djibouti,2010,3,,
Djibouti,2009,3,,
Djibouti,2008,3,,
Djibouti,2007,3,,
Djibouti,2006,3,,
Djibouti,2005,3,,
Dominica,2022,3,,
Dominica,2021,3,,
Dominica,2020,3,,
Dominica,2019,3,,
Dominica,2018,3,,
Dominica,2017,3,,
Dominica,2016,3,,
Dominica,2015,3,,
Dominica,2014,3,,
Dominica,2013,3.5,,
Dominica,2012,3.5,,
Dominica,2011,3.5,,
Dominica,2010,3.5,,
Dominica,2009,3.5,,
Dominica,2008,3.5,,
Dominica,2007,3.5,,
Dominica,2006,3.5,,
Dominica,2005,3.5,,
Early-demographic dividend,2022,3.448275862,,
Early-demographic dividend,2021,3.482758621,,
Early-demographic dividend,2020,3.465517241,,
Early-demographic dividend,2019,3.448275862,,
Early-demographic dividend,2018,3.448275862,,
Early-demographic dividend,2017,3.465517241,,
Early-demographic dividend,2016,3.465517241,,
Early-demographic dividend,2015,3.533333333,,
Early-demographic dividend,2014,3.583333333,,
Early-demographic dividend,2013,3.564516129,,
Early-demographic dividend,2012,3.633333333,,
Early-demographic dividend,2011,3.65,,
Early-demographic dividend,2010,3.724137931,,
Early-demographic dividend,2009,3.620689655,,
Early-demographic dividend,2008,3.534482759,,
Early-demographic dividend,2007,3.551724138,,
Early-demographic dividend,2006,3.533333333,,
Early-demographic dividend,2005,3.533333333,,
East Asia & Pacific,2022,3.357142857,,
East Asia & Pacific,2021,3.392857143,,
East Asia & Pacific,2020,3.285714286,,
East Asia & Pacific,2019,3.285714286,,
East Asia & Pacific,2018,3.321428571,,
East Asia & Pacific,2017,3.285714286,,
East Asia & Pacific,2016,3.285714286,,
East Asia & Pacific,2015,3.366666667,,
East Asia & Pacific,2014,3.4,,
East Asia & Pacific,2013,3.4,,
East Asia & Pacific,2012,3.5,,
East Asia & Pacific,2011,3.538461538,,
East Asia & Pacific,2010,3.727272727,,
East Asia & Pacific,2009,3.590909091,,
East Asia & Pacific,2008,3.409090909,,
East Asia & Pacific,2007,3.409090909,,
East Asia & Pacific,2006,3.375,,
East Asia & Pacific,2005,3.5,,
East Asia & Pacific (excluding high income),2022,3.357142857,,
East Asia & Pacific (excluding high income),2021,3.392857143,,
East Asia & Pacific (excluding high income),2020,3.285714286,,
East Asia & Pacific (excluding high income),2019,3.285714286,,
East Asia & Pacific (excluding high income),2018,3.321428571,,
East Asia & Pacific (excluding high income),2017,3.285714286,,
East Asia & Pacific (excluding high income),2016,3.285714286,,
East Asia & Pacific (excluding high income),2015,3.366666667,,
East Asia & Pacific (excluding high income),2014,3.4,,
East Asia & Pacific (excluding high income),2013,3.4,,
East Asia & Pacific (excluding high income),2012,3.5,,
East Asia & Pacific (excluding high income),2011,3.538461538,,
East Asia & Pacific (excluding high income),2010,3.727272727,,
East Asia & Pacific (excluding high income),2009,3.590909091,,
East Asia & Pacific (excluding high income),2008,3.409090909,,
East Asia & Pacific (excluding high income),2007,3.409090909,,
East Asia & Pacific (excluding high income),2006,3.375,,
East Asia & Pacific (excluding high income),2005,3.5,,
East Asia & Pacific (IDA & IBRD),2022,3.357142857,,
East Asia & Pacific (IDA & IBRD),2021,3.392857143,,
East Asia & Pacific (IDA & IBRD),2020,3.285714286,,
East Asia & Pacific (IDA & IBRD),2019,3.285714286,,
East Asia & Pacific (IDA & IBRD),2018,3.321428571,,
East Asia & Pacific (IDA & IBRD),2017,3.285714286,,
East Asia & Pacific (IDA & IBRD),2016,3.285714286,,
East Asia & Pacific (IDA & IBRD),2015,3.366666667,,
East Asia & Pacific (IDA & IBRD),2014,3.4,,
East Asia & Pacific (IDA & IBRD),2013,3.4,,
East Asia & Pacific (IDA & IBRD),2012,3.5,,
East Asia & Pacific (IDA & IBRD),2011,3.538461538,,
East Asia & Pacific (IDA & IBRD),2010,3.727272727,,
East Asia & Pacific (IDA & IBRD),2009,3.590909091,,
East Asia & Pacific (IDA & IBRD),2008,3.409090909,,
East Asia & Pacific (IDA & IBRD),2007,3.409090909,,
East Asia & Pacific (IDA & IBRD),2006,3.375,,
East Asia & Pacific (IDA & IBRD),2005,3.5,,
Eritrea,2022,2.5,,
Eritrea,2021,2.5,,
Eritrea,2020,2.5,,
Eritrea,2019,2.5,,
Eritrea,2018,2.5,,
Eritrea,2017,2.5,,
Eritrea,2016,2.5,,
Eritrea,2015,2.5,,
Eritrea,2014,2.5,,
Eritrea,2013,2.5,,
Eritrea,2012,2.5,,
Eritrea,2011,2.5,,
Eritrea,2010,2.5,,
Eritrea,2009,2.5,,
Eritrea,2008,3,,
Eritrea,2007,3,,
Eritrea,2006,3,,
Eritrea,2005,3,,
Ethiopia,2022,3.5,,
Ethiopia,2021,4,,
Ethiopia,2020,4,,
Ethiopia,2019,4,,
Ethiopia,2018,4,,
Ethiopia,2017,4,,
Ethiopia,2016,4,,
Ethiopia,2015,4,,
Ethiopia,2014,4,,
Ethiopia,2013,4,,
Ethiopia,2012,4,,
Ethiopia,2011,4,,
Ethiopia,2010,4.5,,
Ethiopia,2009,4.5,,
Ethiopia,2008,4.5,,
Ethiopia,2007,4.5,,
Ethiopia,2006,4.5,,
Ethiopia,2005,4.5,,
Europe & Central Asia,2022,3.75,,
Europe & Central Asia,2021,3.625,,
Europe & Central Asia,2020,3.75,,
Europe & Central Asia,2019,3.6,,
Europe & Central Asia,2018,3.5,,
Europe & Central Asia,2017,3.5,,
Europe & Central Asia,2016,3.5,,
Europe & Central Asia,2015,3.5,,
Europe & Central Asia,2014,3.5,,
Europe & Central Asia,2013,3.8125,,
Europe & Central Asia,2012,3.875,,
Europe & Central Asia,2011,3.875,,
Europe & Central Asia,2010,3.833333333,,
Europe & Central Asia,2009,3.777777778,,
Europe & Central Asia,2008,3.75,,
Europe & Central Asia,2007,3.75,,
Europe & Central Asia,2006,3.6,,
Europe & Central Asia,2005,3.6,,
Europe & Central Asia (excluding high income),2022,3.75,,
Europe & Central Asia (excluding high income),2021,3.625,,
Europe & Central Asia (excluding high income),2020,3.75,,
Europe & Central Asia (excluding high income),2019,3.6,,
Europe & Central Asia (excluding high income),2018,3.5,,
Europe & Central Asia (excluding high income),2017,3.5,,
Europe & Central Asia (excluding high income),2016,3.5,,
Europe & Central Asia (excluding high income),2015,3.5,,
Europe & Central Asia (excluding high income),2014,3.5,,
Europe & Central Asia (excluding high income),2013,3.8125,,
Europe & Central Asia (excluding high income),2012,3.875,,
Europe & Central Asia (excluding high income),2011,3.875,,
Europe & Central Asia (excluding high income),2010,3.833333333,,
Europe & Central Asia (excluding high income),2009,3.777777778,,
Europe & Central Asia (excluding high income),2008,3.75,,
Europe & Central Asia (excluding high income),2007,3.75,,
Europe & Central Asia (excluding high income),2006,3.6,,
Europe & Central Asia (excluding high income),2005,3.6,,
Europe & Central Asia (IDA & IBRD),2022,3.75,,
Europe & Central Asia (IDA & IBRD),2021,3.625,,
Europe & Central Asia (IDA & IBRD),2020,3.75,,
Europe & Central Asia (IDA & IBRD),2019,3.6,,
Europe & Central Asia (IDA & IBRD),2018,3.5,,
Europe & Central Asia (IDA & IBRD),2017,3.5,,
Europe & Central Asia (IDA & IBRD),2016,3.5,,
Europe & Central Asia (IDA & IBRD),2015,3.5,,
Europe & Central Asia (IDA & IBRD),2014,3.5,,
Europe & Central Asia (IDA & IBRD),2013,3.8125,,
Europe & Central Asia (IDA & IBRD),2012,3.875,,
Europe & Central Asia (IDA & IBRD),2011,3.875,,
Europe & Central Asia (IDA & IBRD),2010,3.833333333,,
Europe & Central Asia (IDA & IBRD),2009,3.777777778,,
Europe & Central Asia (IDA & IBRD),2008,3.75,,
Europe & Central Asia (IDA & IBRD),2007,3.75,,
Europe & Central Asia (IDA & IBRD),2006,3.6,,
Europe & Central Asia (IDA & IBRD),2005,3.6,,
Fiji,2022,4,,
Fiji,2021,4,,
Fiji,2020,4,,
Fragile and conflict affected situations,2022,3,,
Fragile and conflict affected situations,2021,3,,
Fragile and conflict affected situations,2020,3,,
Fragile and conflict affected situations,2019,2.983333333,,
Fragile and conflict affected situations,2018,2.965517241,,
Fragile and conflict affected situations,2017,2.916666667,,
Fragile and conflict affected situations,2016,2.948275862,,
Fragile and conflict affected situations,2015,2.982758621,,
Fragile and conflict affected situations,2014,2.982758621,,
Fragile and conflict affected situations,2013,3,,
Fragile and conflict affected situations,2012,3.053571429,,
Fragile and conflict affected situations,2011,3.076923077,,
Fragile and conflict affected situations,2010,3.104166667,,
Fragile and conflict affected situations,2009,3.0625,,
Fragile and conflict affected situations,2008,2.97826087,,
Fragile and conflict affected situations,2007,3.065217391,,
Fragile and conflict affected situations,2006,3.02173913,,
Fragile and conflict affected situations,2005,3.071428571,,
Georgia,2013,4.5,,
Georgia,2012,4.5,,
Georgia,2011,4.5,,
Georgia,2010,4.5,,
Georgia,2009,4.5,,
Georgia,2008,4.5,,
Georgia,2007,4.5,,
Georgia,2006,4.5,,
Georgia,2005,4,,
Ghana,2022,3,,
Ghana,2021,3,,
Ghana,2020,3,,
Ghana,2019,3,,
Ghana,2018,3,,
Ghana,2017,3,,
Ghana,2016,3,,
Ghana,2015,3.5,,
Ghana,2014,3.5,,
Ghana,2013,3.5,,
Ghana,2012,3.5,,
Ghana,2011,3.5,,
Ghana,2010,4,,
Ghana,2009,4,,
Ghana,2008,4,,
Ghana,2007,4,,
Ghana,2006,4,,
Ghana,2005,4,,
Grenada,2022,3,,
Grenada,2021,3,,
Grenada,2020,3,,
Grenada,2019,3,,
Grenada,2018,3,,
Grenada,2017,3,,
Grenada,2016,3,,
Grenada,2015,3.5,,
Grenada,2014,3.5,,
Grenada,2013,3.5,,
Grenada,2012,3.5,,
Grenada,2011,3.5,,
Grenada,2010,3.5,,
Grenada,2009,3.5,,
Grenada,2008,3.5,,
Grenada,2007,3.5,,
Grenada,2006,3.5,,
Grenada,2005,3.5,,
Guinea,2022,3.5,,
Guinea,2021,3.5,,
Guinea,2020,3.5,,
Guinea,2019,3.5,,
Guinea,2018,3.5,,
Guinea,2017,3,,
Guinea,2016,3,,
Guinea,2015,3,,
Guinea,2014,3,,
Guinea,2013,3,,
Guinea,2012,3,,
Guinea,2011,3,,
Guinea,2010,3,,
Guinea,2009,3,,
Guinea,2008,3,,
Guinea,2007,3,,
Guinea,2006,3,,
Guinea,2005,3,,
Guinea-Bissau,2022,2,,
Guinea-Bissau,2021,2,,
Guinea-Bissau,2020,2,,
Guinea-Bissau,2019,2,,
Guinea-Bissau,2018,2,,
Guinea-Bissau,2017,2,,
Guinea-Bissau,2016,2,,
Guinea-Bissau,2015,2,,
Guinea-Bissau,2014,2,,
Guinea-Bissau,2013,2.5,,
Guinea-Bissau,2012,2.5,,
Guinea-Bissau,2011,3,,
Guinea-Bissau,2010,3,,
Guinea-Bissau,2009,3,,
Guinea-Bissau,2008,3,,
Guinea-Bissau,2007,3,,
Guinea-Bissau,2006,3,,
Guinea-Bissau,2005,3,,
Guyana,2022,3,,
Guyana,2021,3,,
Guyana,2020,3,,
Guyana,2019,3,,
Guyana,2018,3,,
Guyana,2017,3,,
Guyana,2016,3,,
Guyana,2015,3,,
Guyana,2014,3.5,,
Guyana,2013,3.5,,
Guyana,2012,3.5,,
Guyana,2011,3.5,,
Guyana,2010,3.5,,
Guyana,2009,3.5,,
Guyana,2008,3.5,,
Guyana,2007,3.5,,
Guyana,2006,3.5,,
Guyana,2005,3.5,,
Haiti,2022,2.5,,
Haiti,2021,2.5,,
Haiti,2020,2.5,,
Haiti,2019,2.5,,
Haiti,2018,2.5,,
Haiti,2017,3,,
Haiti,2016,3,,
Haiti,2015,3,,
Haiti,2014,3,,
Haiti,2013,3,,
Haiti,2012,3,,
Haiti,2011,3,,
Haiti,2010,3,,
Haiti,2009,3,,
Haiti,2008,3,,
Haiti,2007,3,,
Haiti,2006,3,,
Haiti,2005,2.5,,
Heavily indebted poor countries (HIPC),2022,3.407894737,,
Heavily indebted poor countries (HIPC),2021,3.391891892,,
Heavily indebted poor countries (HIPC),2020,3.368421053,,
Heavily indebted poor countries (HIPC),2019,3.342105263,,
Heavily indebted poor countries (HIPC),2018,3.337837838,,
Heavily indebted poor countries (HIPC),2017,3.289473684,,
Heavily indebted poor countries (HIPC),2016,3.297297297,,
Heavily indebted poor countries (HIPC),2015,3.342105263,,
Heavily indebted poor countries (HIPC),2014,3.355263158,,
Heavily indebted poor countries (HIPC),2013,3.368421053,,
Heavily indebted poor countries (HIPC),2012,3.368421053,,
Heavily indebted poor countries (HIPC),2011,3.394736842,,
Heavily indebted poor countries (HIPC),2010,3.355263158,,
Heavily indebted poor countries (HIPC),2009,3.276315789,,
Heavily indebted poor countries (HIPC),2008,3.256756757,,
Heavily indebted poor countries (HIPC),2007,3.297297297,,
Heavily indebted poor countries (HIPC),2006,3.283783784,,
Heavily indebted poor countries (HIPC),2005,3.277777778,,
High income,2022,3,,
High income,2021,3,,
High income,2020,3,,
High income,2019,3,,
High income,2018,3,,
High income,2017,3,,
High income,2016,3,,
High income,2015,3,,
High income,2014,3.5,,
High income,2013,3.5,,
High income,2012,3.5,,
High income,2011,3.5,,
High income,2010,3.5,,
High income,2009,3.5,,
High income,2008,3.5,,
High income,2007,3.5,,
High income,2006,3.5,,
High income,2005,3.5,,
Honduras,2022,4,,
Honduras,2021,4,,
Honduras,2020,4,,
Honduras,2019,4,,
Honduras,2018,4,,
Honduras,2017,4.5,,
Honduras,2016,4.5,,
Honduras,2015,4.5,,
Honduras,2014,4.5,,
Honduras,2013,4,,
Honduras,2012,4,,
Honduras,2011,4,,
Honduras,2010,4,,
Honduras,2009,4,,
Honduras,2008,4,,
Honduras,2007,4,,
Honduras,2006,4,,
Honduras,2005,4,,
IBRD only,2019,3.75,,
IBRD only,2018,3.75,,
IBRD only,2017,3.5,,
IBRD only,2016,3.5,,
IBRD only,2015,3.875,,
IBRD only,2014,4,,
IBRD only,2013,3.888888889,,
IBRD only,2012,3.888888889,,
IBRD only,2011,3.888888889,,
IBRD only,2010,3.85,,
IBRD only,2009,3.85,,
IBRD only,2008,3.8,,
IBRD only,2007,3.8,,
IBRD only,2006,3.692307692,,
IBRD only,2005,3.692307692,,
IDA & IBRD total,2022,3.398648649,,
IDA & IBRD total,2021,3.395833333,,
IDA & IBRD total,2020,3.376712329,,
IDA & IBRD total,2019,3.36,,
IDA & IBRD total,2018,3.342465753,,
IDA & IBRD total,2017,3.304054054,,
IDA & IBRD total,2016,3.308219178,,
IDA & IBRD total,2015,3.361842105,,
IDA & IBRD total,2014,3.388157895,,
IDA & IBRD total,2013,3.425925926,,
IDA & IBRD total,2012,3.45,,
IDA & IBRD total,2011,3.487179487,,
IDA & IBRD total,2010,3.506493506,,
IDA & IBRD total,2009,3.428571429,,
IDA & IBRD total,2008,3.366666667,,
IDA & IBRD total,2007,3.393333333,,
IDA & IBRD total,2006,3.371794872,,
IDA & IBRD total,2005,3.381578947,,
IDA blend,2022,3.5,,
IDA blend,2021,3.433333333,,
IDA blend,2020,3.466666667,,
IDA blend,2019,3.464285714,,
IDA blend,2018,3.392857143,,
IDA blend,2017,3.357142857,,
IDA blend,2016,3.357142857,,
IDA blend,2015,3.392857143,,
IDA blend,2014,3.392857143,,
IDA blend,2013,3.428571429,,
IDA blend,2012,3.464285714,,
IDA blend,2011,3.428571429,,
IDA blend,2010,3.464285714,,
IDA blend,2009,3.321428571,,
IDA blend,2008,3.214285714,,
IDA blend,2007,3.285714286,,
IDA blend,2006,3.25,,
IDA blend,2005,3.269230769,,
IDA only,2022,3.372881356,,
IDA only,2021,3.385964912,,
IDA only,2020,3.353448276,,
IDA only,2019,3.322033898,,
IDA only,2018,3.315789474,,
IDA only,2017,3.284482759,,
IDA only,2016,3.289473684,,
IDA only,2015,3.318965517,,
IDA only,2014,3.344827586,,
IDA only,2013,3.353448276,,
IDA only,2012,3.377192982,,
IDA only,2011,3.436363636,,
IDA only,2010,3.452830189,,
IDA only,2009,3.377358491,,
IDA only,2008,3.323529412,,
IDA only,2007,3.343137255,,
IDA only,2006,3.323529412,,
IDA only,2005,3.33,,
IDA total,2022,3.398648649,,
IDA total,2021,3.395833333,,
IDA total,2020,3.376712329,,
IDA total,2019,3.349315068,,
IDA total,2018,3.330985915,,
IDA total,2017,3.298611111,,
IDA total,2016,3.302816901,,
IDA total,2015,3.333333333,,
IDA total,2014,3.354166667,,
IDA total,2013,3.368055556,,
IDA total,2012,3.394366197,,
IDA total,2011,3.434782609,,
IDA total,2010,3.455223881,,
IDA total,2009,3.365671642,,
IDA total,2008,3.3,,
IDA total,2007,3.330769231,,
IDA total,2006,3.307692308,,
IDA total,2005,3.317460317,,
India,2013,4,,
India,2012,4,,
India,2011,4,,
India,2010,4,,
India,2009,4,,
India,2008,4,,
India,2007,4,,
India,2006,4,,
India,2005,4,,
Indonesia,2006,4,,
Indonesia,2005,4,,
Kenya,2022,4,,
Kenya,2021,4,,
Kenya,2020,4,,
Kenya,2019,4,,
Kenya,2018,4,,
Kenya,2017,4,,
Kenya,2016,4,,
Kenya,2015,4,,
Kenya,2014,4,,
Kenya,2013,4,,
Kenya,2012,4,,
Kenya,2011,4,,
Kenya,2010,4,,
Kenya,2009,3.5,,
Kenya,2008,3,,
Kenya,2007,3,,
Kenya,2006,3.5,,
Kenya,2005,3,,
Kiribati,2022,3.5,,
Kiribati,2021,3.5,,
Kiribati,2020,3.5,,
Kiribati,2019,3.5,,
Kiribati,2018,3.5,,
Kiribati,2017,3.5,,
Kiribati,2016,3.5,,
Kiribati,2015,3.5,,
Kiribati,2014,3.5,,
Kiribati,2013,3.5,,
Kiribati,2012,3.5,,
Kiribati,2011,3.5,,
Kiribati,2010,4,,
Kiribati,2009,3.5,,
Kiribati,2008,3,,
Kiribati,2007,3,,
Kiribati,2006,3,,
Kiribati,2005,3.5,,
Kosovo,2022,3,,
Kosovo,2021,3,,
Kosovo,2020,3,,
Kosovo,2019,3,,
Kosovo,2018,3,,
Kosovo,2017,3,,
Kosovo,2016,3,,
Kosovo,2015,3,,
Kosovo,2014,3,,
Kosovo,2013,3,,
Kosovo,2012,3,,
Kosovo,2011,3,,
Kosovo,2010,3.5,,
Kosovo,2009,3.5,,
Kyrgyz Republic,2022,4,,
Kyrgyz Republic,2021,4,,
Kyrgyz Republic,2020,4,,
Kyrgyz Republic,2019,4,,
Kyrgyz Republic,2018,4,,
Kyrgyz Republic,2017,4,,
Kyrgyz Republic,2016,4,,
Kyrgyz Republic,2015,4,,
Kyrgyz Republic,2014,3.5,,
Kyrgyz Republic,2013,3.5,,
Kyrgyz Republic,2012,3.5,,
Kyrgyz Republic,2011,3.5,,
Kyrgyz Republic,2010,3.5,,
Kyrgyz Republic,2009,3.5,,
Kyrgyz Republic,2008,3.5,,
Kyrgyz Republic,2007,3.5,,
Kyrgyz Republic,2006,3.5,,
Kyrgyz Republic,2005,3.5,,
Lao PDR,2022,3.5,,
Lao PDR,2021,3.5,,
Lao PDR,2020,3.5,,
Lao PDR,2019,3.5,,
Lao PDR,2018,3.5,,
Lao PDR,2017,3.5,,
Lao PDR,2016,3.5,,
Lao PDR,2015,3.5,,
Lao PDR,2014,4,,
Lao PDR,2013,4,,
Lao PDR,2012,4,,
Lao PDR,2011,4,,
Lao PDR,2010,4,,
Lao PDR,2009,4,,
Lao PDR,2008,4,,
Lao PDR,2007,3.5,,
Lao PDR,2006,3.5,,
Lao PDR,2005,3.5,,
Late-demographic dividend,2022,3.5,,
Late-demographic dividend,2021,3.6,,
Late-demographic dividend,2020,3.7,,
Late-demographic dividend,2019,3.642857143,,
Late-demographic dividend,2018,3.583333333,,
Late-demographic dividend,2017,3.5,,
Late-demographic dividend,2016,3.5,,
Late-demographic dividend,2015,3.625,,
Late-demographic dividend,2014,3.6875,,
Late-demographic dividend,2013,3.85,,
Late-demographic dividend,2012,3.85,,
Late-demographic dividend,2011,3.85,,
Late-demographic dividend,2010,3.863636364,,
Late-demographic dividend,2009,3.863636364,,
Late-demographic dividend,2008,3.863636364,,
Late-demographic dividend,2007,3.863636364,,
Late-demographic dividend,2006,3.692307692,,
Late-demographic dividend,2005,3.692307692,,
Latin America & Caribbean,2022,3.25,,
Latin America & Caribbean,2021,3.3125,,
Latin America & Caribbean,2020,3.375,,
Latin America & Caribbean,2019,3.375,,
Latin America & Caribbean,2018,3.3125,,
Latin America & Caribbean,2017,3.4375,,
Latin America & Caribbean,2016,3.4375,,
Latin America & Caribbean,2015,3.555555556,,
Latin America & Caribbean,2014,3.611111111,,
Latin America & Caribbean,2013,3.611111111,,
Latin America & Caribbean,2012,3.611111111,,
Latin America & Caribbean,2011,3.611111111,,
Latin America & Caribbean,2010,3.666666667,,
Latin America & Caribbean,2009,3.611111111,,
Latin America & Caribbean,2008,3.666666667,,
Latin America & Caribbean,2007,3.666666667,,
Latin America & Caribbean,2006,3.611111111,,
Latin America & Caribbean,2005,3.555555556,,
Latin America & Caribbean (excluding high income),2022,3.285714286,,
Latin America & Caribbean (excluding high income),2021,3.357142857,,
Latin America & Caribbean (excluding high income),2020,3.428571429,,
Latin America & Caribbean (excluding high income),2019,3.428571429,,
Latin America & Caribbean (excluding high income),2018,3.357142857,,
Latin America & Caribbean (excluding high income),2017,3.5,,
Latin America & Caribbean (excluding high income),2016,3.5,,
Latin America & Caribbean (excluding high income),2015,3.625,,
Latin America & Caribbean (excluding high income),2014,3.625,,
Latin America & Caribbean (excluding high income),2013,3.625,,
Latin America & Caribbean (excluding high income),2012,3.625,,
Latin America & Caribbean (excluding high income),2011,3.625,,
Latin America & Caribbean (excluding high income),2010,3.6875,,
Latin America & Caribbean (excluding high income),2009,3.625,,
Latin America & Caribbean (excluding high income),2008,3.6875,,
Latin America & Caribbean (excluding high income),2007,3.6875,,
Latin America & Caribbean (excluding high income),2006,3.625,,
Latin America & Caribbean (excluding high income),2005,3.5625,,
Latin America & Caribbean (IDA & IBRD),2022,3.25,,
Latin America & Caribbean (IDA & IBRD),2021,3.3125,,
Latin America & Caribbean (IDA & IBRD),2020,3.375,,
Latin America & Caribbean (IDA & IBRD),2019,3.375,,
Latin America & Caribbean (IDA & IBRD),2018,3.3125,,
Latin America & Caribbean (IDA & IBRD),2017,3.4375,,
Latin America & Caribbean (IDA & IBRD),2016,3.4375,,
Latin America & Caribbean (IDA & IBRD),2015,3.555555556,,
Latin America & Caribbean (IDA & IBRD),2014,3.611111111,,
Latin America & Caribbean (IDA & IBRD),2013,3.611111111,,
Latin America & Caribbean (IDA & IBRD),2012,3.611111111,,
Latin America & Caribbean (IDA & IBRD),2011,3.611111111,,
Latin America & Caribbean (IDA & IBRD),2010,3.666666667,,
Latin America & Caribbean (IDA & IBRD),2009,3.611111111,,
Latin America & Caribbean (IDA & IBRD),2008,3.666666667,,
Latin America & Caribbean (IDA & IBRD),2007,3.666666667,,
Latin America & Caribbean (IDA & IBRD),2006,3.611111111,,
Latin America & Caribbean (IDA & IBRD),2005,3.555555556,,
Least developed countries: UN classification,2022,3.355555556,,
Least developed countries: UN classification,2021,3.340909091,,
Least developed countries: UN classification,2020,3.333333333,,
Least developed countries: UN classification,2019,3.3,,
Least developed countries: UN classification,2018,3.284090909,,
Least developed countries: UN classification,2017,3.244444444,,
Least developed countries: UN classification,2016,3.25,,
Least developed countries: UN classification,2015,3.272727273,,
Least developed countries: UN classification,2014,3.318181818,,
Least developed countries: UN classification,2013,3.322222222,,
Least developed countries: UN classification,2012,3.340909091,,
Least developed countries: UN classification,2011,3.404761905,,
Least developed countries: UN classification,2010,3.357142857,,
Least developed countries: UN classification,2009,3.273809524,,
Least developed countries: UN classification,2008,3.231707317,,
Least developed countries: UN classification,2007,3.256097561,,
Least developed countries: UN classification,2006,3.243902439,,
Least developed countries: UN classification,2005,3.256410256,,
Lesotho,2022,3,,
Lesotho,2021,3,,
Lesotho,2020,3,,
Lesotho,2019,3,,
Lesotho,2018,3,,
Lesotho,2017,3,,
Lesotho,2016,3,,
Lesotho,2015,3,,
Lesotho,2014,3,,
Lesotho,2013,3,,
Lesotho,2012,3,,
Lesotho,2011,3,,
Lesotho,2010,3,,
Lesotho,2009,3,,
Lesotho,2008,3,,
Lesotho,2007,3,,
Lesotho,2006,3,,
Lesotho,2005,3,,
Liberia,2022,3.5,,
Liberia,2021,3.5,,
Liberia,2020,3.5,,
Liberia,2019,3.5,,
Liberia,2018,3.5,,
Liberia,2017,3.5,,
Liberia,2016,3.5,,
Liberia,2015,3.5,,
Liberia,2014,3.5,,
Liberia,2013,4,,
Liberia,2012,4,,
Liberia,2011,4,,
Liberia,2010,3.5,,
Liberia,2009,3,,
Low & middle income,2022,3.404109589,,
Low & middle income,2021,3.401408451,,
Low & middle income,2020,3.381944444,,
Low & middle income,2019,3.364864865,,
Low & middle income,2018,3.347222222,,
Low & middle income,2017,3.308219178,,
Low & middle income,2016,3.3125,,
Low & middle income,2015,3.366666667,,
Low & middle income,2014,3.386666667,,
Low & middle income,2013,3.425,,
Low & middle income,2012,3.449367089,,
Low & middle income,2011,3.487012987,,
Low & middle income,2010,3.506578947,,
Low & middle income,2009,3.427631579,,
Low & middle income,2008,3.364864865,,
Low & middle income,2007,3.391891892,,
Low & middle income,2006,3.37012987,,
Low & middle income,2005,3.38,,
Low income,2022,3.25,,
Low income,2021,3.260869565,,
Low income,2020,3.270833333,,
Low income,2019,3.25,,
Low income,2018,3.217391304,,
Low income,2017,3.145833333,,
Low income,2016,3.173913043,,
Low income,2015,3.217391304,,
Low income,2014,3.260869565,,
Low income,2013,3.326086957,,
Low income,2012,3.326086957,,
Low income,2011,3.454545455,,
Low income,2010,3.386363636,,
Low income,2009,3.295454545,,
Low income,2008,3.261904762,,
Low income,2007,3.30952381,,
Low income,2006,3.261904762,,
Low income,2005,3.275,,
Lower middle income,2022,3.512820513,,
Lower middle income,2021,3.5,,
Lower middle income,2020,3.473684211,,
Lower middle income,2019,3.4625,,
Lower middle income,2018,3.474358974,,
Lower middle income,2017,3.448717949,,
Lower middle income,2016,3.435897436,,
Lower middle income,2015,3.488095238,,
Lower middle income,2014,3.488095238,,
Lower middle income,2013,3.454545455,,
Lower middle income,2012,3.5,,
Lower middle income,2011,3.476744186,,
Lower middle income,2010,3.476190476,,
Lower middle income,2009,3.380952381,,
Lower middle income,2008,3.30952381,,
Lower middle income,2007,3.333333333,,
Lower middle income,2006,3.321428571,,
Lower middle income,2005,3.329268293,,
Madagascar,2022,3,,
Madagascar,2021,3,,
Madagascar,2020,3,,
Madagascar,2019,3,,
Madagascar,2018,3,,
Madagascar,2017,3,,
Madagascar,2016,3,,
Madagascar,2015,3,,
Madagascar,2014,3,,
Madagascar,2013,3,,
Madagascar,2012,3,,
Madagascar,2011,4,,
Madagascar,2010,4,,
Madagascar,2009,4,,
Madagascar,2008,4,,
Madagascar,2007,4,,
Madagascar,2006,3.5,,
Madagascar,2005,3.5,,
Malawi,2022,4,,
Malawi,2021,4,,
Malawi,2020,4,,
Malawi,2019,4,,
Malawi,2018,4,,
Malawi,2017,4,,
Malawi,2016,3.5,,
Malawi,2015,3.5,,
Malawi,2014,3.5,,
Malawi,2013,3.5,,
Malawi,2012,3.5,,
Malawi,2011,3.5,,
Malawi,2010,3.5,,
Malawi,2009,3.5,,
Malawi,2008,3.5,,
Malawi,2007,3.5,,
Malawi,2006,3.5,,
Malawi,2005,3.5,,
Maldives,2022,3.5,,
Maldives,2021,3.5,,
Maldives,2020,3,,
Maldives,2019,3,,
Maldives,2018,3,,
Maldives,2017,3,,
Maldives,2016,3,,
Maldives,2015,3,,
Maldives,2014,3,,
Maldives,2013,3,,
Maldives,2012,3,,
Maldives,2011,3.5,,
Maldives,2010,4,,
Maldives,2009,4,,
Maldives,2008,4,,
Maldives,2007,4,,
Maldives,2006,4,,
Maldives,2005,4,,
Mali,2022,4,,
Mali,2021,4,,
Mali,2020,4,,
Mali,2019,4,,
Mali,2018,3.5,,
Mali,2017,3.5,,
Mali,2016,3.5,,
Mali,2015,3.5,,
Mali,2014,3.5,,
Mali,2013,3.5,,
Mali,2012,3.5,,
Mali,2011,4,,
Mali,2010,4,,
Mali,2009,3.5,,
Mali,2008,3.5,,
Mali,2007,3.5,,
Mali,2006,3.5,,
Mali,2005,3.5,,
Marshall Islands,2022,2.5,,
Marshall Islands,2021,2.5,,
Marshall Islands,2020,2,,
Marshall Islands,2019,2,,
Marshall Islands,2018,2,,
Marshall Islands,2017,2,,
Marshall Islands,2016,2,,
Marshall Islands,2015,2,,
Marshall Islands,2014,2,,
Marshall Islands,2013,2,,
Marshall Islands,2012,2,,
Marshall Islands,2011,2,,
Mauritania,2022,4.5,,
Mauritania,2021,4.5,,
Mauritania,2020,4,,
Mauritania,2019,4,,
Mauritania,2018,4,,
Mauritania,2017,4,,
Mauritania,2016,4,,
Mauritania,2015,4,,
Mauritania,2014,4,,
Mauritania,2013,4,,
Mauritania,2012,4,,
Mauritania,2011,3.5,,
Mauritania,2010,3.5,,
Mauritania,2009,3.5,,
Mauritania,2008,3.5,,
Mauritania,2007,3.5,,
Mauritania,2006,3.5,,
Mauritania,2005,3,,
Micronesia,2022,2.5,,
Micronesia,2021,2.5,,
Micronesia,2020,2.5,,
Micronesia,2019,2.5,,
Micronesia,2018,3,,
Micronesia,2017,3,,
Micronesia,2016,3,,
Micronesia,2015,3,,
Micronesia,2014,3,,
Micronesia,2013,3,,
Micronesia,2012,3,,
Micronesia,2011,3,,
Middle East & North Africa,2022,3,,
Middle East & North Africa,2021,3,,
Middle East & North Africa,2020,3,,
Middle East & North Africa,2019,3,,
Middle East & North Africa,2018,2.75,,
Middle East & North Africa,2017,2.75,,
Middle East & North Africa,2016,2.75,,
Middle East & North Africa,2015,3,,
Middle East & North Africa,2014,3.25,,
Middle East & North Africa,2013,3.25,,
Middle East & North Africa,2012,3.25,,
Middle East & North Africa,2011,3.25,,
Middle East & North Africa,2010,3.25,,
Middle East & North Africa,2009,3.25,,
Middle East & North Africa,2008,3.25,,
Middle East & North Africa,2007,3.25,,
Middle East & North Africa,2006,3.25,,
Middle East & North Africa,2005,3.25,,
Middle East & North Africa (excluding high income),2022,3,,
Middle East & North Africa (excluding high income),2021,3,,
Middle East & North Africa (excluding high income),2020,3,,
Middle East & North Africa (excluding high income),2019,3,,
Middle East & North Africa (excluding high income),2018,2.75,,
Middle East & North Africa (excluding high income),2017,2.75,,
Middle East & North Africa (excluding high income),2016,2.75,,
Middle East & North Africa (excluding high income),2015,3,,
Middle East & North Africa (excluding high income),2014,3.25,,
Middle East & North Africa (excluding high income),2013,3.25,,
Middle East & North Africa (excluding high income),2012,3.25,,
Middle East & North Africa (excluding high income),2011,3.25,,
Middle East & North Africa (excluding high income),2010,3.25,,
Middle East & North Africa (excluding high income),2009,3.25,,
Middle East & North Africa (excluding high income),2008,3.25,,
Middle East & North Africa (excluding high income),2007,3.25,,
Middle East & North Africa (excluding high income),2006,3.25,,
Middle East & North Africa (excluding high income),2005,3.25,,
Middle East & North Africa (IDA & IBRD),2022,3,,
Middle East & North Africa (IDA & IBRD),2021,3,,
Middle East & North Africa (IDA & IBRD),2020,3,,
Middle East & North Africa (IDA & IBRD),2019,3,,
Middle East & North Africa (IDA & IBRD),2018,2.75,,
Middle East & North Africa (IDA & IBRD),2017,2.75,,
Middle East & North Africa (IDA & IBRD),2016,2.75,,
Middle East & North Africa (IDA & IBRD),2015,3,,
Middle East & North Africa (IDA & IBRD),2014,3.25,,
Middle East & North Africa (IDA & IBRD),2013,3.25,,
Middle East & North Africa (IDA & IBRD),2012,3.25,,
Middle East & North Africa (IDA & IBRD),2011,3.25,,
Middle East & North Africa (IDA & IBRD),2010,3.25,,
Middle East & North Africa (IDA & IBRD),2009,3.25,,
Middle East & North Africa (IDA & IBRD),2008,3.25,,
Middle East & North Africa (IDA & IBRD),2007,3.25,,
Middle East & North Africa (IDA & IBRD),2006,3.25,,
Middle East & North Africa (IDA & IBRD),2005,3.25,,
Middle income,2022,3.479591837,,
Middle income,2021,3.46875,,
Middle income,2020,3.4375,,
Middle income,2019,3.42,,
Middle income,2018,3.408163265,,
Middle income,2017,3.387755102,,
Middle income,2016,3.37755102,,
Middle income,2015,3.432692308,,
Middle income,2014,3.442307692,,
Middle income,2013,3.464912281,,
Middle income,2012,3.5,,
Middle income,2011,3.5,,
Middle income,2010,3.555555556,,
Middle income,2009,3.481481481,,
Middle income,2008,3.405660377,,
Middle income,2007,3.424528302,,
Middle income,2006,3.410714286,,
Middle income,2005,3.418181818,,
Moldova,2019,3.5,,
Moldova,2018,3.5,,
Moldova,2017,3.5,,
Moldova,2016,3.5,,
Moldova,2015,3.5,,
Moldova,2014,4,,
Moldova,2013,4,,
Moldova,2012,4,,
Moldova,2011,4,,
Moldova,2010,3.5,,
Moldova,2009,3.5,,
Moldova,2008,3.5,,
Moldova,2007,3.5,,
Moldova,2006,3.5,,
Moldova,2005,3.5,,
Mongolia,2019,4,,
Mongolia,2018,4,,
Mongolia,2017,3.5,,
Mongolia,2016,3.5,,
Mongolia,2015,3.5,,
Mongolia,2014,3.5,,
Mongolia,2013,3.5,,
Mongolia,2012,3.5,,
Mongolia,2011,3.5,,
Mongolia,2010,3.5,,
Mongolia,2009,3.5,,
Mongolia,2008,3.5,,
Mongolia,2007,3.5,,
Mongolia,2006,3,,
Mongolia,2005,3.5,,
Mozambique,2022,3,,
Mozambique,2021,3,,
Mozambique,2020,3,,
Mozambique,2019,3,,
Mozambique,2018,3,,
Mozambique,2017,3,,
Mozambique,2016,3,,
Mozambique,2015,3,,
Mozambique,2014,3,,
Mozambique,2013,3,,
Mozambique,2012,3,,
Mozambique,2011,3,,
Mozambique,2010,3.5,,
Mozambique,2009,3.5,,
Mozambique,2008,3.5,,
Mozambique,2007,3.5,,
Mozambique,2006,3.5,,
Mozambique,2005,3.5,,
Myanmar,2022,3,,
Myanmar,2021,3,,
Myanmar,2020,3,,
Myanmar,2019,2.5,,
Myanmar,2018,2.5,,
Myanmar,2017,2.5,,
Myanmar,2016,2.5,,
Myanmar,2015,2.5,,
Myanmar,2014,2.5,,
Myanmar,2013,2.5,,
Nepal,2022,3.5,,
Nepal,2021,3.5,,
Nepal,2020,4,,
Nepal,2019,4,,
Nepal,2018,4,,
Nepal,2017,4,,
Nepal,2016,4,,
Nepal,2015,4,,
Nepal,2014,4,,
Nepal,2013,4,,
Nepal,2012,4,,
Nepal,2011,4,,
Nepal,2010,4,,
Nepal,2009,4,,
Nepal,2008,3.5,,
Nepal,2007,3.5,,
Nepal,2006,3.5,,
Nepal,2005,3.5,,
Nicaragua,2022,3.5,,
Nicaragua,2021,4,,
Nicaragua,2020,4,,
Nicaragua,2019,4,,
Nicaragua,2018,4,,
Nicaragua,2017,4,,
Nicaragua,2016,4,,
Nicaragua,2015,4,,
Nicaragua,2014,4,,
Nicaragua,2013,4,,
Nicaragua,2012,4,,
Nicaragua,2011,4,,
Nicaragua,2010,4,,
Nicaragua,2009,3.5,,
Nicaragua,2008,4,,
Nicaragua,2007,4,,
Nicaragua,2006,4,,
Nicaragua,2005,4,,
Niger,2022,4.5,,
Niger,2021,4,,
Niger,2020,4,,
Niger,2019,4,,
Niger,2018,4,,
Niger,2017,4,,
Niger,2016,4,,
Niger,2015,4,,
Niger,2014,4,,
Niger,2013,4,,
Niger,2012,4,,
Niger,2011,4,,
Niger,2010,3.5,,
Niger,2009,3.5,,
Niger,2008,3.5,,
Niger,2007,3.5,,
Niger,2006,3.5,,
Niger,2005,3.5,,
Nigeria,2022,3.5,,
Nigeria,2021,3.5,,
Nigeria,2020,3.5,,
Nigeria,2019,3.5,,
Nigeria,2018,3.5,,
Nigeria,2017,3.5,,
Nigeria,2016,3.5,,
Nigeria,2015,3.5,,
Nigeria,2014,3.5,,
Nigeria,2013,3.5,,
Nigeria,2012,3.5,,
Nigeria,2011,3.5,,
Nigeria,2010,3.5,,
Nigeria,2009,3.5,,
Nigeria,2008,3.5,,
Nigeria,2007,3.5,,
Nigeria,2006,3.5,,
Nigeria,2005,3.5,,
Other small states,2022,3.3,,
Other small states,2021,3.25,,
Other small states,2020,3.2,,
Other small states,2019,3.15,,
Other small states,2018,3.1,,
Other small states,2017,3.1,,
Other small states,2016,3.1,,
Other small states,2015,3.1,,
Other small states,2014,3.2,,
Other small states,2013,3.25,,
Other small states,2012,3.25,,
Other small states,2011,3.4,,
Other small states,2010,3.4,,
Other small states,2009,3.35,,
Other small states,2008,3.3,,
Other small states,2007,3.35,,
Other small states,2006,3.4,,
Other small states,2005,3.444444444,,
Pacific island small states,2022,3.333333333,,
Pacific island small states,2021,3.388888889,,
Pacific island small states,2020,3.277777778,,
Pacific island small states,2019,3.1875,,
Pacific island small states,2018,3.25,,
Pacific island small states,2017,3.25,,
Pacific island small states,2016,3.25,,
Pacific island small states,2015,3.25,,
Pacific island small states,2014,3.25,,
Pacific island small states,2013,3.25,,
Pacific island small states,2012,3.25,,
Pacific island small states,2011,3.285714286,,
Pacific island small states,2010,3.7,,
Pacific island small states,2009,3.6,,
Pacific island small states,2008,3.3,,
Pacific island small states,2007,3.3,,
Pacific island small states,2006,3.3,,
Pacific island small states,2005,3.5,,
Pakistan,2022,3.5,,
Pakistan,2021,3.5,,
Pakistan,2020,3.5,,
Pakistan,2019,3.5,,
Pakistan,2018,3.5,,
Pakistan,2017,3.5,,
Pakistan,2016,3.5,,
Pakistan,2015,3.5,,
Pakistan,2014,3.5,,
Pakistan,2013,3.5,,
Pakistan,2012,3.5,,
Pakistan,2011,3.5,,
Pakistan,2010,3.5,,
Pakistan,2009,3.5,,
Pakistan,2008,3.5,,
Pakistan,2007,3.5,,
Pakistan,2006,3.5,,
Pakistan,2005,3.5,,
Papua New Guinea,2022,3,,
Papua New Guinea,2021,3,,
Papua New Guinea,2020,3,,
Papua New Guinea,2019,3.5,,
Papua New Guinea,2018,3.5,,
Papua New Guinea,2017,3.5,,
Papua New Guinea,2016,3.5,,
Papua New Guinea,2015,3.5,,
Papua New Guinea,2014,3.5,,
Papua New Guinea,2013,3.5,,
Papua New Guinea,2012,4,,
Papua New Guinea,2011,4,,
Papua New Guinea,2010,4,,
Papua New Guinea,2009,3.5,,
Papua New Guinea,2008,3,,
Papua New Guinea,2007,3.5,,
Papua New Guinea,2006,3,,
Papua New Guinea,2005,3,,
Post-demographic dividend,2013,3.5,,
Post-demographic dividend,2012,3.5,,
Post-demographic dividend,2011,3.5,,
Post-demographic dividend,2010,3.5,,
Post-demographic dividend,2009,3.5,,
Post-demographic dividend,2008,3,,
Post-demographic dividend,2007,3,,
Post-demographic dividend,2006,3,,
Post-demographic dividend,2005,3,,
Pre-demographic dividend,2022,3.411764706,,
Pre-demographic dividend,2021,3.363636364,,
Pre-demographic dividend,2020,3.338235294,,
Pre-demographic dividend,2019,3.308823529,,
Pre-demographic dividend,2018,3.287878788,,
Pre-demographic dividend,2017,3.205882353,,
Pre-demographic dividend,2016,3.212121212,,
Pre-demographic dividend,2015,3.227272727,,
Pre-demographic dividend,2014,3.227272727,,
Pre-demographic dividend,2013,3.25,,
Pre-demographic dividend,2012,3.25,,
Pre-demographic dividend,2011,3.303030303,,
Pre-demographic dividend,2010,3.212121212,,
Pre-demographic dividend,2009,3.121212121,,
Pre-demographic dividend,2008,3.0625,,
Pre-demographic dividend,2007,3.109375,,
Pre-demographic dividend,2006,3.09375,,
Pre-demographic dividend,2005,3.1,,
Rwanda,2022,4,,
Rwanda,2021,4,,
Rwanda,2020,4,,
Rwanda,2019,4,,
Rwanda,2018,4.5,,
Rwanda,2017,4.5,,
Rwanda,2016,4.5,,
Rwanda,2015,4.5,,
Rwanda,2014,4.5,,
Rwanda,2013,4.5,,
Rwanda,2012,4.5,,
Rwanda,2011,4.5,,
Rwanda,2010,4.5,,
Rwanda,2009,4.5,,
Rwanda,2008,4.5,,
Rwanda,2007,4.5,,
Rwanda,2006,4.5,,
Rwanda,2005,4,,
SÃ£o TomÃ© and Principe,2022,3,,
SÃ£o TomÃ© and Principe,2021,3,,
SÃ£o TomÃ© and Principe,2020,3,,
SÃ£o TomÃ© and Principe,2019,3,,
SÃ£o TomÃ© and Principe,2018,3,,
SÃ£o TomÃ© and Principe,2017,3,,
SÃ£o TomÃ© and Principe,2016,3,,
SÃ£o TomÃ© and Principe,2015,3,,
SÃ£o TomÃ© and Principe,2014,3,,
SÃ£o TomÃ© and Principe,2013,3,,
SÃ£o TomÃ© and Principe,2012,3,,
SÃ£o TomÃ© and Principe,2011,3,,
SÃ£o TomÃ© and Principe,2010,3,,
SÃ£o TomÃ© and Principe,2009,3,,
SÃ£o TomÃ© and Principe,2008,3,,
SÃ£o TomÃ© and Principe,2007,3,,
SÃ£o TomÃ© and Principe,2006,3.5,,
SÃ£o TomÃ© and Principe,2005,3.5,,
Samoa,2022,4.5,,
Samoa,2021,4.5,,
Samoa,2020,4.5,,
Samoa,2019,4.5,,
Samoa,2018,4.5,,
Samoa,2017,4.5,,
Samoa,2016,4.5,,
Samoa,2015,4.5,,
Samoa,2014,4.5,,
Samoa,2013,4.5,,
Samoa,2012,4.5,,
Samoa,2011,4.5,,
Samoa,2010,4.5,,
Samoa,2009,4.5,,
Samoa,2008,4,,
Samoa,2007,4,,
Samoa,2006,4,,
Samoa,2005,4,,
Senegal,2022,4,,
Senegal,2021,4,,
Senegal,2020,4,,
Senegal,2019,4,,
Senegal,2018,4,,
Senegal,2017,4,,
Senegal,2016,3.5,,
Senegal,2015,3.5,,
Senegal,2014,3.5,,
Senegal,2013,3.5,,
Senegal,2012,3.5,,
Senegal,2011,3.5,,
Senegal,2010,3.5,,
Senegal,2009,3.5,,
Senegal,2008,3.5,,
Senegal,2007,3.5,,
Senegal,2006,3.5,,
Senegal,2005,3.5,,
Serbia,2006,3,,
Serbia,2005,4,,
Sierra Leone,2022,3.5,,
Sierra Leone,2021,3.5,,
Sierra Leone,2020,3.5,,
Sierra Leone,2019,3.5,,
Sierra Leone,2018,3.5,,
Sierra Leone,2017,3.5,,
Sierra Leone,2016,3.5,,
Sierra Leone,2015,3.5,,
Sierra Leone,2014,3.5,,
Sierra Leone,2013,3.5,,
Sierra Leone,2012,3.5,,
Sierra Leone,2011,3.5,,
Sierra Leone,2010,3.5,,
Sierra Leone,2009,3,,
Sierra Leone,2008,3,,
Sierra Leone,2007,3,,
Sierra Leone,2006,3,,
Sierra Leone,2005,3,,
Small states,2022,3.291666667,,
Small states,2021,3.291666667,,
Small states,2020,3.25,,
Small states,2019,3.195652174,,
Small states,2018,3.173913043,,
Small states,2017,3.173913043,,
Small states,2016,3.173913043,,
Small states,2015,3.195652174,,
Small states,2014,3.260869565,,
Small states,2013,3.304347826,,
Small states,2012,3.304347826,,
Small states,2011,3.386363636,,
Small states,2010,3.525,,
Small states,2009,3.475,,
Small states,2008,3.375,,
Small states,2007,3.4,,
Small states,2006,3.4,,
Small states,2005,3.473684211,,
Solomon Islands,2022,2.5,,
Solomon Islands,2021,2.5,,
Solomon Islands,2020,2.5,,
Solomon Islands,2019,2.5,,
Solomon Islands,2018,2.5,,
Solomon Islands,2017,2.5,,
Solomon Islands,2016,2.5,,
Solomon Islands,2015,2.5,,
Solomon Islands,2014,2.5,,
Solomon Islands,2013,2.5,,
Solomon Islands,2012,2.5,,
Solomon Islands,2011,2.5,,
Solomon Islands,2010,2.5,,
Solomon Islands,2009,2.5,,
Solomon Islands,2008,2.5,,
Solomon Islands,2007,2.5,,
Solomon Islands,2006,2.5,,
Solomon Islands,2005,3,,
Somalia,2022,3,,
Somalia,2021,3,,
Somalia,2020,3,,
Somalia,2019,3,,
Somalia,2017,2,,
South Asia,2022,3.357142857,,
South Asia,2021,3.7,,
South Asia,2020,3.666666667,,
South Asia,2019,3.642857143,,
South Asia,2018,3.583333333,,
South Asia,2017,3.583333333,,
South Asia,2016,3.583333333,,
South Asia,2015,3.571428571,,
South Asia,2014,3.642857143,,
South Asia,2013,3.625,,
South Asia,2012,3.625,,
South Asia,2011,3.6875,,
South Asia,2010,3.6875,,
South Asia,2009,3.6875,,
South Asia,2008,3.5625,,
South Asia,2007,3.5625,,
South Asia,2006,3.5625,,
South Asia,2005,3.714285714,,
South Asia (IDA & IBRD),2022,3.357142857,,
South Asia (IDA & IBRD),2021,3.7,,
South Asia (IDA & IBRD),2020,3.666666667,,
South Asia (IDA & IBRD),2019,3.642857143,,
South Asia (IDA & IBRD),2018,3.583333333,,
South Asia (IDA & IBRD),2017,3.583333333,,
South Asia (IDA & IBRD),2016,3.583333333,,
South Asia (IDA & IBRD),2015,3.571428571,,
South Asia (IDA & IBRD),2014,3.642857143,,
South Asia (IDA & IBRD),2013,3.625,,
South Asia (IDA & IBRD),2012,3.625,,
South Asia (IDA & IBRD),2011,3.6875,,
South Asia (IDA & IBRD),2010,3.6875,,
South Asia (IDA & IBRD),2009,3.6875,,
South Asia (IDA & IBRD),2008,3.5625,,
South Asia (IDA & IBRD),2007,3.5625,,
South Asia (IDA & IBRD),2006,3.5625,,
South Asia (IDA & IBRD),2005,3.714285714,,
South Sudan,2022,2,,
South Sudan,2021,2,,
South Sudan,2020,2,,
South Sudan,2019,2,,
South Sudan,2018,2,,
South Sudan,2017,2,,
South Sudan,2016,2,,
South Sudan,2015,2,,
South Sudan,2014,2,,
South Sudan,2013,2.5,,
South Sudan,2012,2.5,,
Sri Lanka,2022,3,,
Sri Lanka,2019,3.5,,
Sri Lanka,2015,3.5,,
Sri Lanka,2014,3.5,,
Sri Lanka,2013,3.5,,
Sri Lanka,2012,3.5,,
Sri Lanka,2011,3.5,,
Sri Lanka,2010,3.5,,
Sri Lanka,2009,3.5,,
Sri Lanka,2008,3.5,,
Sri Lanka,2007,3.5,,
Sri Lanka,2006,3.5,,
Sri Lanka,2005,3.5,,
St. Lucia,2022,4,,
St. Lucia,2021,4,,
St. Lucia,2020,4,,
St. Lucia,2019,4,,
St. Lucia,2018,4,,
St. Lucia,2017,4,,
St. Lucia,2016,4,,
St. Lucia,2015,4,,
St. Lucia,2014,4,,
St. Lucia,2013,3.5,,
St. Lucia,2012,3.5,,
St. Lucia,2011,3.5,,
St. Lucia,2010,4,,
St. Lucia,2009,4,,
St. Lucia,2008,4,,
St. Lucia,2007,4,,
St. Lucia,2006,3.5,,
St. Lucia,2005,3.5,,
St. Vincent and the Grenadines,2022,3,,
St. Vincent and the Grenadines,2021,3,,
St. Vincent and the Grenadines,2020,3.5,,
St. Vincent and the Grenadines,2019,3.5,,
St. Vincent and the Grenadines,2018,3,,
St. Vincent and the Grenadines,2017,3,,
St. Vincent and the Grenadines,2016,3,,
St. Vincent and the Grenadines,2015,3,,
St. Vincent and the Grenadines,2014,3,,
St. Vincent and the Grenadines,2013,3.5,,
St. Vincent and the Grenadines,2012,3.5,,
St. Vincent and the Grenadines,2011,3.5,,
St. Vincent and the Grenadines,2010,3.5,,
St. Vincent and the Grenadines,2009,3.5,,
St. Vincent and the Grenadines,2008,3.5,,
St. Vincent and the Grenadines,2007,3.5,,
St. Vincent and the Grenadines,2006,3.5,,
St. Vincent and the Grenadines,2005,3.5,,
Sub-Saharan Africa,2022,3.435897436,,
Sub-Saharan Africa,2021,3.371794872,,
Sub-Saharan Africa,2020,3.346153846,,
Sub-Saharan Africa,2019,3.320512821,,
Sub-Saharan Africa,2018,3.328947368,,
Sub-Saharan Africa,2017,3.243589744,,
Sub-Saharan Africa,2016,3.25,,
Sub-Saharan Africa,2015,3.276315789,,
Sub-Saharan Africa,2014,3.276315789,,
Sub-Saharan Africa,2013,3.282051282,,
Sub-Saharan Africa,2012,3.282051282,,
Sub-Saharan Africa,2011,3.328947368,,
Sub-Saharan Africa,2010,3.302631579,,
Sub-Saharan Africa,2009,3.210526316,,
Sub-Saharan Africa,2008,3.162162162,,
Sub-Saharan Africa,2007,3.216216216,,
Sub-Saharan Africa,2006,3.216216216,,
Sub-Saharan Africa,2005,3.189189189,,
Sub-Saharan Africa (excluding high income),2022,3.435897436,,
Sub-Saharan Africa (excluding high income),2021,3.371794872,,
Sub-Saharan Africa (excluding high income),2020,3.346153846,,
Sub-Saharan Africa (excluding high income),2019,3.320512821,,
Sub-Saharan Africa (excluding high income),2018,3.328947368,,
Sub-Saharan Africa (excluding high income),2017,3.243589744,,
Sub-Saharan Africa (excluding high income),2016,3.25,,
Sub-Saharan Africa (excluding high income),2015,3.276315789,,
Sub-Saharan Africa (excluding high income),2014,3.276315789,,
Sub-Saharan Africa (excluding high income),2013,3.282051282,,
Sub-Saharan Africa (excluding high income),2012,3.282051282,,
Sub-Saharan Africa (excluding high income),2011,3.328947368,,
Sub-Saharan Africa (excluding high income),2010,3.302631579,,
Sub-Saharan Africa (excluding high income),2009,3.210526316,,
Sub-Saharan Africa (excluding high income),2008,3.162162162,,
Sub-Saharan Africa (excluding high income),2007,3.216216216,,
Sub-Saharan Africa (excluding high income),2006,3.216216216,,
Sub-Saharan Africa (excluding high income),2005,3.189189189,,
Sub-Saharan Africa (IDA & IBRD),2022,3.435897436,,
Sub-Saharan Africa (IDA & IBRD),2021,3.371794872,,
Sub-Saharan Africa (IDA & IBRD),2020,3.346153846,,
Sub-Saharan Africa (IDA & IBRD),2019,3.320512821,,
Sub-Saharan Africa (IDA & IBRD),2018,3.328947368,,
Sub-Saharan Africa (IDA & IBRD),2017,3.243589744,,
Sub-Saharan Africa (IDA & IBRD),2016,3.25,,
Sub-Saharan Africa (IDA & IBRD),2015,3.276315789,,
Sub-Saharan Africa (IDA & IBRD),2014,3.276315789,,
Sub-Saharan Africa (IDA & IBRD),2013,3.282051282,,
Sub-Saharan Africa (IDA & IBRD),2012,3.282051282,,
Sub-Saharan Africa (IDA & IBRD),2011,3.328947368,,
Sub-Saharan Africa (IDA & IBRD),2010,3.302631579,,
Sub-Saharan Africa (IDA & IBRD),2009,3.210526316,,
Sub-Saharan Africa (IDA & IBRD),2008,3.162162162,,
Sub-Saharan Africa (IDA & IBRD),2007,3.216216216,,
Sub-Saharan Africa (IDA & IBRD),2006,3.216216216,,
Sub-Saharan Africa (IDA & IBRD),2005,3.189189189,,
Sudan,2022,2.5,,
Sudan,2021,2.5,,
Sudan,2020,2.5,,
Sudan,2019,2.5,,
Sudan,2018,2.5,,
Sudan,2017,2.5,,
Sudan,2016,2.5,,
Sudan,2015,2.5,,
Sudan,2014,2.5,,
Sudan,2013,2.5,,
Sudan,2012,2.5,,
Sudan,2011,2.5,,
Sudan,2010,2.5,,
Sudan,2009,2.5,,
Sudan,2008,2.5,,
Sudan,2007,2.5,,
Sudan,2006,2.5,,
Sudan,2005,2.5,,
Tajikistan,2022,3.5,,
Tajikistan,2021,3.5,,
Tajikistan,2020,4,,
Tajikistan,2019,3.5,,
Tajikistan,2018,3.5,,
Tajikistan,2017,3.5,,
Tajikistan,2016,3.5,,
Tajikistan,2015,3.5,,
Tajikistan,2014,3.5,,
Tajikistan,2013,3.5,,
Tajikistan,2012,4,,
Tajikistan,2011,4,,
Tajikistan,2010,3.5,,
Tajikistan,2009,3.5,,
Tajikistan,2008,3.5,,
Tajikistan,2007,3.5,,
Tajikistan,2006,3,,
Tajikistan,2005,3,,
Tanzania,2022,4,,
Tanzania,2021,4,,
Tanzania,2020,4,,
Tanzania,2019,4,,
Tanzania,2018,4,,
Tanzania,2017,4,,
Tanzania,2016,4,,
Tanzania,2015,4,,
Tanzania,2014,4,,
Tanzania,2013,4,,
Tanzania,2012,4,,
Tanzania,2011,4,,
Tanzania,2010,4,,
Tanzania,2009,4,,
Tanzania,2008,4,,
Tanzania,2007,4,,
Tanzania,2006,4,,
Tanzania,2005,4,,
The Gambia,2022,3.5,,
The Gambia,2021,3,,
The Gambia,2020,3,,
The Gambia,2019,3,,
The Gambia,2018,3,,
The Gambia,2017,3,,
The Gambia,2016,3,,
The Gambia,2015,3,,
The Gambia,2014,3.5,,
The Gambia,2013,3.5,,
The Gambia,2012,3.5,,
The Gambia,2011,4,,
The Gambia,2010,4,,
The Gambia,2009,3.5,,
The Gambia,2008,3,,
The Gambia,2007,3,,
The Gambia,2006,3,,
The Gambia,2005,3,,
Timor-Leste,2022,3.5,,
Timor-Leste,2021,3.5,,
Timor-Leste,2020,3.5,,
Timor-Leste,2019,3.5,,
Timor-Leste,2018,3.5,,
Timor-Leste,2017,3.5,,
Timor-Leste,2016,3.5,,
Timor-Leste,2015,3.5,,
Timor-Leste,2014,3.5,,
Timor-Leste,2013,3.5,,
Timor-Leste,2012,3.5,,
Timor-Leste,2011,3.5,,
Timor-Leste,2010,3,,
Timor-Leste,2009,3,,
Timor-Leste,2008,3,,
Timor-Leste,2007,3,,
Timor-Leste,2006,3,,
Togo,2022,4.5,,
Togo,2021,4.5,,
Togo,2020,4.5,,
Togo,2019,4,,
Togo,2018,3.5,,
Togo,2017,3.5,,
Togo,2016,3.5,,
Togo,2015,3.5,,
Togo,2014,3.5,,
Togo,2013,3.5,,
Togo,2012,3,,
Togo,2011,3,,
Togo,2010,2.5,,
Togo,2009,2,,
Togo,2008,2,,
Togo,2007,2,,
Togo,2006,2,,
Togo,2005,2,,
Tonga,2022,4.5,,
Tonga,2021,4.5,,
Tonga,2020,4.5,,
Tonga,2019,4.5,,
Tonga,2018,4,,
Tonga,2017,4,,
Tonga,2016,4,,
Tonga,2015,4,,
Tonga,2014,4,,
Tonga,2013,4,,
Tonga,2012,4,,
Tonga,2011,4,,
Tonga,2010,4,,
Tonga,2009,4,,
Tonga,2008,3.5,,
Tonga,2007,3.5,,
Tonga,2006,3.5,,
Tonga,2005,3.5,,
Tuvalu,2022,3,,
Tuvalu,2021,3,,
Tuvalu,2020,3,,
Tuvalu,2019,3,,
Tuvalu,2018,3,,
Tuvalu,2017,3,,
Tuvalu,2016,3,,
Tuvalu,2015,3,,
Tuvalu,2014,3,,
Tuvalu,2013,3,,
Tuvalu,2012,3,,
Uganda,2022,4,,
Uganda,2021,4,,
Uganda,2020,4,,
Uganda,2019,4,,
Uganda,2018,4,,
Uganda,2017,4,,
Uganda,2016,4,,
Uganda,2015,4,,
Uganda,2014,4,,
Uganda,2013,4,,
Uganda,2012,4,,
Uganda,2011,4,,
Uganda,2010,4,,
Uganda,2009,4,,
Uganda,2008,4,,
Uganda,2007,4.5,,
Uganda,2006,4.5,,
Uganda,2005,4.5,,
Upper middle income,2022,3.35,,
Upper middle income,2021,3.35,,
Upper middle income,2020,3.3,,
Upper middle income,2019,3.25,,
Upper middle income,2018,3.15,,
Upper middle income,2017,3.15,,
Upper middle income,2016,3.15,,
Upper middle income,2015,3.2,,
Upper middle income,2014,3.25,,
Upper middle income,2013,3.5,,
Upper middle income,2012,3.5,,
Upper middle income,2011,3.583333333,,
Upper middle income,2010,3.833333333,,
Upper middle income,2009,3.833333333,,
Upper middle income,2008,3.772727273,,
Upper middle income,2007,3.772727273,,
Upper middle income,2006,3.678571429,,
Upper middle income,2005,3.678571429,,
Uzbekistan,2022,4.5,,
Uzbekistan,2021,4,,
Uzbekistan,2020,4,,
Uzbekistan,2019,4,,
Uzbekistan,2018,3.5,,
Uzbekistan,2017,3.5,,
Uzbekistan,2016,3.5,,
Uzbekistan,2015,3.5,,
Uzbekistan,2014,3.5,,
Uzbekistan,2013,4,,
Uzbekistan,2012,4,,
Uzbekistan,2011,4,,
Uzbekistan,2010,4,,
Uzbekistan,2009,3.5,,
Uzbekistan,2008,3.5,,
Uzbekistan,2007,3.5,,
Uzbekistan,2006,3.5,,
Uzbekistan,2005,3.5,,
Vanuatu,2022,3,,
Vanuatu,2021,3.5,,
Vanuatu,2020,3,,
Vanuatu,2019,3,,
Vanuatu,2018,3.5,,
Vanuatu,2017,3.5,,
Vanuatu,2016,3.5,,
Vanuatu,2015,3.5,,
Vanuatu,2014,3.5,,
Vanuatu,2013,3.5,,
Vanuatu,2012,3.5,,
Vanuatu,2011,3.5,,
Vanuatu,2010,3.5,,
Vanuatu,2009,3.5,,
Vanuatu,2008,3.5,,
Vanuatu,2007,3.5,,
Vanuatu,2006,3.5,,
Vanuatu,2005,3.5,,
Viet Nam,2015,4.5,,
Viet Nam,2014,4.5,,
Viet Nam,2013,4.5,,
Viet Nam,2012,4.5,,
Viet Nam,2011,4.5,,
Viet Nam,2010,4.5,,
Viet Nam,2009,4.5,,
Viet Nam,2008,4.5,,
Viet Nam,2007,4.5,,
Viet Nam,2006,4.5,,
Viet Nam,2005,4,,
World,2022,3.398648649,,
World,2021,3.395833333,,
World,2020,3.376712329,,
World,2019,3.36,,
World,2018,3.342465753,,
World,2017,3.304054054,,
World,2016,3.308219178,,
World,2015,3.361842105,,
World,2014,3.388157895,,
World,2013,3.425925926,,
World,2012,3.45,,
World,2011,3.487179487,,
World,2010,3.506493506,,
World,2009,3.428571429,,
World,2008,3.366666667,,
World,2007,3.393333333,,
World,2006,3.371794872,,
World,2005,3.381578947,,
Yemen,2022,2.5,,
Yemen,2021,2.5,,
Yemen,2020,2.5,,
Yemen,2019,2.5,,
Yemen,2018,2.5,,
Yemen,2017,2.5,,
Yemen,2016,2.5,,
Yemen,2015,3,,
Yemen,2014,3.5,,
Yemen,2013,3.5,,
Yemen,2012,3.5,,
Yemen,2011,3.5,,
Yemen,2010,3.5,,
Yemen,2009,3.5,,
Yemen,2008,3.5,,
Yemen,2007,3.5,,
Yemen,2006,3.5,,
Yemen,2005,3.5,,
Zambia,2022,4,,
Zambia,2021,3,,
Zambia,2020,3,,
Zambia,2019,3,,
Zambia,2018,3.5,,
Zambia,2017,3.5,,
Zambia,2016,3.5,,
Zambia,2015,3.5,,
Zambia,2014,3.5,,
Zambia,2013,3.5,,
Zambia,2012,3.5,,
Zambia,2011,3.5,,
Zambia,2010,3.5,,
Zambia,2009,3.5,,
Zambia,2008,3.5,,
Zambia,2007,3.5,,
Zambia,2006,3.5,,
Zambia,2005,3.5,,
Zimbabwe,2022,3.5,,
Zimbabwe,2021,3.5,,
Zimbabwe,2020,3.5,,
Zimbabwe,2019,3.5,,
Zimbabwe,2018,3.5,,
Zimbabwe,2017,3,,
Zimbabwe,2016,3,,
Zimbabwe,2015,3,,
Zimbabwe,2014,2.5,,
Zimbabwe,2013,2,,
Zimbabwe,2012,2,,
Zimbabwe,2011,2,,
Zimbabwe,2010,2,,
Zimbabwe,2009,1.5,,
Zimbabwe,2008,1,,
Zimbabwe,2007,1.5,,
Zimbabwe,2006,1.5,,
Zimbabwe,2005,1.5,,
